"doy","pfpr","model"
1,0.623489379069461,"IBM"
2,0.621383822699427,"IBM"
3,0.618709347905877,"IBM"
4,0.616411102428921,"IBM"
5,0.61392361919542,"IBM"
6,0.611573994182241,"IBM"
7,0.609215685657352,"IBM"
8,0.606894938978292,"IBM"
9,0.604101567342815,"IBM"
10,0.601050885765818,"IBM"
11,0.598487517213489,"IBM"
12,0.595839612917041,"IBM"
13,0.593130800909426,"IBM"
14,0.590250969941164,"IBM"
15,0.58752399767593,"IBM"
16,0.584759618552379,"IBM"
17,0.582025733277394,"IBM"
18,0.57939551317349,"IBM"
19,0.576580116920541,"IBM"
20,0.57378456229858,"IBM"
21,0.570791460462967,"IBM"
22,0.567634673370719,"IBM"
23,0.564590000253682,"IBM"
24,0.561600188440341,"IBM"
25,0.558472021822335,"IBM"
26,0.554857165087082,"IBM"
27,0.551509257717435,"IBM"
28,0.548512153577182,"IBM"
29,0.545496615818514,"IBM"
30,0.542524503712081,"IBM"
31,0.539376029337054,"IBM"
32,0.53639884196892,"IBM"
33,0.533609675320963,"IBM"
34,0.530613671989065,"IBM"
35,0.527969962262606,"IBM"
36,0.525326469495841,"IBM"
37,0.522777181170425,"IBM"
38,0.520452839222069,"IBM"
39,0.517955173489109,"IBM"
40,0.515163642704768,"IBM"
41,0.512582678717353,"IBM"
42,0.510248942649347,"IBM"
43,0.507167136496883,"IBM"
44,0.504483071359031,"IBM"
45,0.501389776891477,"IBM"
46,0.49865869946161,"IBM"
47,0.496067580044341,"IBM"
48,0.493511392048206,"IBM"
49,0.490942096654511,"IBM"
50,0.488243865387356,"IBM"
51,0.485742964374161,"IBM"
52,0.483383112933997,"IBM"
53,0.480462448314724,"IBM"
54,0.478160851194979,"IBM"
55,0.47610453620491,"IBM"
56,0.47404966171571,"IBM"
57,0.471597822836551,"IBM"
58,0.469494773414889,"IBM"
59,0.46728618670815,"IBM"
60,0.465631481937627,"IBM"
61,0.463370723584894,"IBM"
62,0.461084090641598,"IBM"
63,0.458902333940715,"IBM"
64,0.456699501445622,"IBM"
65,0.454440008136571,"IBM"
66,0.452188061803508,"IBM"
67,0.449641035281718,"IBM"
68,0.447611320449736,"IBM"
69,0.445067641455533,"IBM"
70,0.442570795108891,"IBM"
71,0.44022578471711,"IBM"
72,0.437777664646191,"IBM"
73,0.435798828702408,"IBM"
74,0.433753768226558,"IBM"
75,0.431194917226802,"IBM"
76,0.429183096212929,"IBM"
77,0.427189271031474,"IBM"
78,0.424905048238898,"IBM"
79,0.422907169110597,"IBM"
80,0.42096614736599,"IBM"
81,0.419278958358093,"IBM"
82,0.417502485808562,"IBM"
83,0.415676209406602,"IBM"
84,0.414003981701954,"IBM"
85,0.41218273814691,"IBM"
86,0.410077684862918,"IBM"
87,0.408463206703112,"IBM"
88,0.406409770697979,"IBM"
89,0.404744362845307,"IBM"
90,0.4032796851771,"IBM"
91,0.401380206462612,"IBM"
92,0.399301603233713,"IBM"
93,0.397245843596736,"IBM"
94,0.395325565907455,"IBM"
95,0.393343945283385,"IBM"
96,0.390928665038125,"IBM"
97,0.388881656419813,"IBM"
98,0.386624072825326,"IBM"
99,0.384337771010831,"IBM"
100,0.382240858913919,"IBM"
101,0.380031302143363,"IBM"
102,0.377831572048896,"IBM"
103,0.375775228445475,"IBM"
104,0.373218187771712,"IBM"
105,0.370579094419685,"IBM"
106,0.368211239298009,"IBM"
107,0.365945014310887,"IBM"
108,0.3639124941858,"IBM"
109,0.361429120353668,"IBM"
110,0.35925612624519,"IBM"
111,0.357363381765695,"IBM"
112,0.355174070960648,"IBM"
113,0.353241873257325,"IBM"
114,0.350794364329504,"IBM"
115,0.348571362106502,"IBM"
116,0.346668863547466,"IBM"
117,0.344618225029713,"IBM"
118,0.342505340563887,"IBM"
119,0.340368861097546,"IBM"
120,0.33851384279964,"IBM"
121,0.336472116198625,"IBM"
122,0.334445685650821,"IBM"
123,0.332692093634532,"IBM"
124,0.331148790195505,"IBM"
125,0.329153562963685,"IBM"
126,0.32714528331113,"IBM"
127,0.325417417191412,"IBM"
128,0.32341688238144,"IBM"
129,0.322102544149909,"IBM"
130,0.320609486743625,"IBM"
131,0.319320470455892,"IBM"
132,0.317804389515798,"IBM"
133,0.316646109548808,"IBM"
134,0.315636493761708,"IBM"
135,0.314565327133429,"IBM"
136,0.313812264101159,"IBM"
137,0.312894111108933,"IBM"
138,0.311626060397697,"IBM"
139,0.310327197007445,"IBM"
140,0.309541837570762,"IBM"
141,0.309074984162732,"IBM"
142,0.308179029265746,"IBM"
143,0.307959948407521,"IBM"
144,0.30730444027589,"IBM"
145,0.30700836645657,"IBM"
146,0.306757518541927,"IBM"
147,0.306461395734853,"IBM"
148,0.30646863775779,"IBM"
149,0.306536975691074,"IBM"
150,0.306815317113973,"IBM"
151,0.307032553308183,"IBM"
152,0.307477657371826,"IBM"
153,0.308123923345256,"IBM"
154,0.309136185026229,"IBM"
155,0.310063807407349,"IBM"
156,0.310795891703629,"IBM"
157,0.312120184445163,"IBM"
158,0.313390175349113,"IBM"
159,0.315080424503094,"IBM"
160,0.316597395456536,"IBM"
161,0.317919795376392,"IBM"
162,0.319599879380593,"IBM"
163,0.320992217483619,"IBM"
164,0.322657110401056,"IBM"
165,0.324445425378963,"IBM"
166,0.326482122834613,"IBM"
167,0.328301104112151,"IBM"
168,0.330275085492785,"IBM"
169,0.332248777102981,"IBM"
170,0.334004869710129,"IBM"
171,0.335753529546525,"IBM"
172,0.337454778731061,"IBM"
173,0.339047399591815,"IBM"
174,0.340794796278727,"IBM"
175,0.342634586480376,"IBM"
176,0.344700409780206,"IBM"
177,0.34679652110574,"IBM"
178,0.348800621029206,"IBM"
179,0.350518480303236,"IBM"
180,0.352033102230301,"IBM"
181,0.353617076141319,"IBM"
182,0.355682296479607,"IBM"
183,0.357587808362432,"IBM"
184,0.359299677750603,"IBM"
185,0.361466752200096,"IBM"
186,0.363942244840858,"IBM"
187,0.366253822607444,"IBM"
188,0.368664505358505,"IBM"
189,0.37124095668709,"IBM"
190,0.373425813622441,"IBM"
191,0.375546550887402,"IBM"
192,0.378033511236969,"IBM"
193,0.380429129573072,"IBM"
194,0.382984899387265,"IBM"
195,0.385501396277895,"IBM"
196,0.38804922361297,"IBM"
197,0.390433864768366,"IBM"
198,0.392778647814708,"IBM"
199,0.395254308839496,"IBM"
200,0.397290144521825,"IBM"
201,0.399622564921553,"IBM"
202,0.402173304113171,"IBM"
203,0.404364380153884,"IBM"
204,0.406141574018426,"IBM"
205,0.408132262551454,"IBM"
206,0.410118569828566,"IBM"
207,0.411906240340481,"IBM"
208,0.413934742486622,"IBM"
209,0.415879397012797,"IBM"
210,0.417720359021736,"IBM"
211,0.419408408245633,"IBM"
212,0.421272339496227,"IBM"
213,0.423203694935436,"IBM"
214,0.425031799770888,"IBM"
215,0.427338134944789,"IBM"
216,0.42891570719022,"IBM"
217,0.430722756632704,"IBM"
218,0.432216382214949,"IBM"
219,0.43385702372188,"IBM"
220,0.43589281405277,"IBM"
221,0.438058265263732,"IBM"
222,0.439622563017927,"IBM"
223,0.441451694615401,"IBM"
224,0.442970477567451,"IBM"
225,0.444452259489037,"IBM"
226,0.446155831059103,"IBM"
227,0.44759047570831,"IBM"
228,0.44900321668688,"IBM"
229,0.450783540028434,"IBM"
230,0.452608211415985,"IBM"
231,0.454603165270419,"IBM"
232,0.456101766597467,"IBM"
233,0.458514663512607,"IBM"
234,0.460500297857768,"IBM"
235,0.46254413741271,"IBM"
236,0.464518404286115,"IBM"
237,0.467074786799255,"IBM"
238,0.469211989955858,"IBM"
239,0.471881037736666,"IBM"
240,0.474502229635974,"IBM"
241,0.476949500374958,"IBM"
242,0.479815181155783,"IBM"
243,0.482834925638942,"IBM"
244,0.485566825786684,"IBM"
245,0.48788077063498,"IBM"
246,0.490589386580836,"IBM"
247,0.493355453773253,"IBM"
248,0.495852671126805,"IBM"
249,0.498943703216913,"IBM"
250,0.501649872757841,"IBM"
251,0.504284975923058,"IBM"
252,0.50668421651395,"IBM"
253,0.509395734160345,"IBM"
254,0.512255755421836,"IBM"
255,0.515254347581744,"IBM"
256,0.518368790610995,"IBM"
257,0.521401391726755,"IBM"
258,0.524479450185911,"IBM"
259,0.527824502809761,"IBM"
260,0.531029541704455,"IBM"
261,0.534199842485277,"IBM"
262,0.537264613761255,"IBM"
263,0.540464109956044,"IBM"
264,0.543195347981399,"IBM"
265,0.546098822326665,"IBM"
266,0.549247242263406,"IBM"
267,0.552166649000932,"IBM"
268,0.555039374608819,"IBM"
269,0.557746223024731,"IBM"
270,0.560603788337626,"IBM"
271,0.56331942361724,"IBM"
272,0.565984984939808,"IBM"
273,0.568395836535348,"IBM"
274,0.570916386850271,"IBM"
275,0.573380774314659,"IBM"
276,0.5759747804046,"IBM"
277,0.578766620141533,"IBM"
278,0.581582234563426,"IBM"
279,0.584653682671194,"IBM"
280,0.587654415834898,"IBM"
281,0.590733716009634,"IBM"
282,0.593971221427825,"IBM"
283,0.596802037338225,"IBM"
284,0.59982372275777,"IBM"
285,0.602868093239709,"IBM"
286,0.605821825788457,"IBM"
287,0.608364982532986,"IBM"
288,0.611309141321662,"IBM"
289,0.613991070794869,"IBM"
290,0.616979415244938,"IBM"
291,0.619492544237818,"IBM"
292,0.621907114165397,"IBM"
293,0.624281357532134,"IBM"
294,0.626762124398126,"IBM"
295,0.628839914517249,"IBM"
296,0.630596776608533,"IBM"
297,0.632550057544564,"IBM"
298,0.634916746831668,"IBM"
299,0.637189285659411,"IBM"
300,0.639061812684398,"IBM"
301,0.641299612429986,"IBM"
302,0.64376913911544,"IBM"
303,0.645613877257065,"IBM"
304,0.647659485335823,"IBM"
305,0.649244368559918,"IBM"
306,0.651084339102179,"IBM"
307,0.652830207774664,"IBM"
308,0.654323203495111,"IBM"
309,0.655708636721135,"IBM"
310,0.657303643655948,"IBM"
311,0.659320629698882,"IBM"
312,0.660566814667128,"IBM"
313,0.662045841771155,"IBM"
314,0.66283797199312,"IBM"
315,0.663961822363716,"IBM"
316,0.664585739775954,"IBM"
317,0.665449596170431,"IBM"
318,0.666073921718664,"IBM"
319,0.66630528273449,"IBM"
320,0.667045638476099,"IBM"
321,0.667470048300408,"IBM"
322,0.667940655031529,"IBM"
323,0.667901686409625,"IBM"
324,0.668040495112567,"IBM"
325,0.66819482703644,"IBM"
326,0.668041480317798,"IBM"
327,0.668334787099522,"IBM"
328,0.66835827317684,"IBM"
329,0.668667317570016,"IBM"
330,0.668620989101172,"IBM"
331,0.668891450608347,"IBM"
332,0.668420261994158,"IBM"
333,0.668559271572036,"IBM"
334,0.66859789203929,"IBM"
335,0.668674768370103,"IBM"
336,0.668875326557392,"IBM"
337,0.668967718303215,"IBM"
338,0.669153160690294,"IBM"
339,0.668752610463476,"IBM"
340,0.668706121365891,"IBM"
341,0.668120011123239,"IBM"
342,0.667911580803032,"IBM"
343,0.666962819163991,"IBM"
344,0.665844793601957,"IBM"
345,0.665181566687463,"IBM"
346,0.663715436137638,"IBM"
347,0.662813397457833,"IBM"
348,0.661123461954029,"IBM"
349,0.659695470177292,"IBM"
350,0.657571061332362,"IBM"
351,0.655221839833351,"IBM"
352,0.652940043366052,"IBM"
353,0.651067973805189,"IBM"
354,0.649240224693317,"IBM"
355,0.646825511933777,"IBM"
356,0.644439903624545,"IBM"
357,0.641816522552398,"IBM"
358,0.639358110095324,"IBM"
359,0.637445464403424,"IBM"
360,0.635528553226569,"IBM"
361,0.633707336990329,"IBM"
362,0.631473259947092,"IBM"
363,0.629543900812677,"IBM"
364,0.627265126899916,"IBM"
365,0.62534809786731,"IBM"
1,0.618707607031172,"ODE"
2,0.616188335915418,"ODE"
3,0.613630637833492,"ODE"
4,0.611037721856532,"ODE"
5,0.608412735608768,"ODE"
6,0.605758742626417,"ODE"
7,0.603078704371394,"ODE"
8,0.600375466474237,"ODE"
9,0.597651748717046,"ODE"
10,0.594910138251408,"ODE"
11,0.592153085562301,"ODE"
12,0.589382902723967,"ODE"
13,0.58660176353882,"ODE"
14,0.583811705198847,"ODE"
15,0.58101463115696,"ODE"
16,0.578212314940714,"ODE"
17,0.575406404681685,"ODE"
18,0.572598428170004,"ODE"
19,0.56978979827514,"ODE"
20,0.566981818601317,"ODE"
21,0.564175689269317,"ODE"
22,0.561372512736307,"ODE"
23,0.558573299582229,"ODE"
24,0.555778974205554,"ODE"
25,0.552990380383302,"ODE"
26,0.550208286660303,"ODE"
27,0.547433391541257,"ODE"
28,0.544666328466297,"ODE"
29,0.541907670556798,"ODE"
30,0.539157935123023,"ODE"
31,0.536417587929437,"ODE"
32,0.53368704721683,"ODE"
33,0.530966687483154,"ODE"
34,0.528256843027349,"ODE"
35,0.525557811262026,"ODE"
36,0.522869855802389,"ODE"
37,0.520193209339777,"ODE"
38,0.517528076308927,"ODE"
39,0.514874635358797,"ODE"
40,0.512233041636955,"ODE"
41,0.509603428897748,"ODE"
42,0.506985911444548,"ODE"
43,0.504380585915906,"ODE"
44,0.501787532926192,"ODE"
45,0.499206818569921,"ODE"
46,0.496638495799445,"ODE"
47,0.494082605684687,"ODE"
48,0.49153917856408,"ODE"
49,0.48900823509447,"ODE"
50,0.486489787208032,"ODE"
51,0.483983838983136,"ODE"
52,0.481490387436668,"ODE"
53,0.479009423243721,"ODE"
54,0.476540931390997,"ODE"
55,0.474084891769172,"ODE"
56,0.471641279709952,"ODE"
57,0.469210066472192,"ODE"
58,0.466791219681822,"ODE"
59,0.46438470372939,"ODE"
60,0.461990480129422,"ODE"
61,0.459608507844737,"ODE"
62,0.457238743579107,"ODE"
63,0.454881142041025,"ODE"
64,0.452535656181469,"ODE"
65,0.450202237407963,"ODE"
66,0.447880835777224,"ODE"
67,0.445571400168371,"ODE"
68,0.443273878438663,"ODE"
69,0.440988217563385,"ODE"
70,0.438714363761426,"ODE"
71,0.436452262607907,"ODE"
72,0.434201859135231,"ODE"
73,0.431963097923581,"ODE"
74,0.429735923182004,"ODE"
75,0.427520278820923,"ODE"
76,0.425316108517036,"ODE"
77,0.423123355771284,"ODE"
78,0.420941963960645,"ODE"
79,0.418771876384325,"ODE"
80,0.416613036304965,"ODE"
81,0.414465386985338,"ODE"
82,0.412328871721028,"ODE"
83,0.410203433869476,"ODE"
84,0.408089016875776,"ODE"
85,0.405985564295577,"ODE"
86,0.403893019815367,"ODE"
87,0.40181132727042,"ODE"
88,0.399740430660666,"ODE"
89,0.397680274164667,"ODE"
90,0.395630802151945,"ODE"
91,0.3935919591938,"ODE"
92,0.391563690072782,"ODE"
93,0.389545939790985,"ODE"
94,0.387538653577269,"ODE"
95,0.38554177689352,"ODE"
96,0.383555255440061,"ODE"
97,0.381579035160324,"ODE"
98,0.379613062244815,"ODE"
99,0.377657283134492,"ODE"
100,0.37571164452362,"ODE"
101,0.373776093362111,"ODE"
102,0.37185057685748,"ODE"
103,0.36993504247641,"ODE"
104,0.368029437946227,"ODE"
105,0.366133711258301,"ODE"
106,0.36424781068549,"ODE"
107,0.362371684865727,"ODE"
108,0.360505283120622,"ODE"
109,0.358648556433962,"ODE"
110,0.356801459944401,"ODE"
111,0.354963958351733,"ODE"
112,0.3531360361253,"ODE"
113,0.351317714616501,"ODE"
114,0.349509077966247,"ODE"
115,0.347710309072816,"ODE"
116,0.345921735993796,"ODE"
117,0.344143888179016,"ODE"
118,0.342377560974172,"ODE"
119,0.340623885897141,"ODE"
120,0.338884403226759,"ODE"
121,0.337161132467827,"ODE"
122,0.335456635394071,"ODE"
123,0.333774065851473,"ODE"
124,0.332117200573129,"ODE"
125,0.330490446070379,"ODE"
126,0.328898818217076,"ODE"
127,0.327347893252807,"ODE"
128,0.325843731286714,"ODE"
129,0.324392775633217,"ODE"
130,0.323001733141801,"ODE"
131,0.321677441887866,"ODE"
132,0.320426733089701,"ODE"
133,0.319256293948836,"ODE"
134,0.318172537403154,"ODE"
135,0.317181483707112,"ODE"
136,0.316288657489981,"ODE"
137,0.315499002648789,"ODE"
138,0.3148168162275,"ODE"
139,0.31424570139535,"ODE"
140,0.313788538803686,"ODE"
141,0.313447474980078,"ODE"
142,0.313223925997227,"ODE"
143,0.3131185944066,"ODE"
144,0.313131497321792,"ODE"
145,0.313262003543012,"ODE"
146,0.313508877703368,"ODE"
147,0.313870329565102,"ODE"
148,0.314344066779266,"ODE"
149,0.314927349629204,"ODE"
150,0.315617046493324,"ODE"
151,0.316409688975813,"ODE"
152,0.317301525856772,"ODE"
153,0.318288575199545,"ODE"
154,0.319366674118175,"ODE"
155,0.320531525848779,"ODE"
156,0.321778743883993,"ODE"
157,0.323103893019253,"ODE"
158,0.324502527225202,"ODE"
159,0.325970224304433,"ODE"
160,0.327502617316952,"ODE"
161,0.329095422771108,"ODE"
162,0.330744465580499,"ODE"
163,0.332445700786536,"ODE"
164,0.33419523204579,"ODE"
165,0.335989326884056,"ODE"
166,0.33782442872836,"ODE"
167,0.339697165745496,"ODE"
168,0.341604356541385,"ODE"
169,0.34354301280985,"ODE"
170,0.345510339060282,"ODE"
171,0.347503729599038,"ODE"
172,0.349520762987561,"ODE"
173,0.351559194246486,"ODE"
174,0.353616945118226,"ODE"
175,0.355692092736804,"ODE"
176,0.357782857081137,"ODE"
177,0.359887587604669,"ODE"
178,0.362004749439242,"ODE"
179,0.364132909563578,"ODE"
180,0.366270723307545,"ODE"
181,0.368416921532937,"ODE"
182,0.370570298791493,"ODE"
183,0.372729702713226,"ODE"
184,0.374894024825067,"ODE"
185,0.377062192943373,"ODE"
186,0.379233165226863,"ODE"
187,0.381405925920837,"ODE"
188,0.383579482771181,"ODE"
189,0.385752866039493,"ODE"
190,0.387925129009805,"ODE"
191,0.390095349843691,"ODE"
192,0.392262634614776,"ODE"
193,0.394426121335491,"ODE"
194,0.396584984778511,"ODE"
195,0.398738441891903,"ODE"
196,0.400885757609741,"ODE"
197,0.403026250868299,"ODE"
198,0.405159300650421,"ODE"
199,0.40728435189662,"ODE"
200,0.409400921139518,"ODE"
201,0.411508601737982,"ODE"
202,0.413607068607163,"ODE"
203,0.41569608236065,"ODE"
204,0.417775492799873,"ODE"
205,0.419845241703711,"ODE"
206,0.421905364887452,"ODE"
207,0.423955993514633,"ODE"
208,0.425997354657858,"ODE"
209,0.428029771115298,"ODE"
210,0.430053660498483,"ODE"
211,0.432069533614041,"ODE"
212,0.434077992167796,"ODE"
213,0.43607972582381,"ODE"
214,0.438075508654121,"ODE"
215,0.440066195017175,"ODE"
216,0.442052714904304,"ODE"
217,0.444036068794497,"ODE"
218,0.446017322058107,"ODE"
219,0.447997598950307,"ODE"
220,0.449978076235069,"ODE"
221,0.451959976480271,"ODE"
222,0.453944561064502,"ODE"
223,0.455933122935952,"ODE"
224,0.457926979163916,"ODE"
225,0.459927463323352,"ODE"
226,0.461935917753253,"ODE"
227,0.46395368572976,"ODE"
228,0.465982103595283,"ODE"
229,0.46802249288521,"ODE"
230,0.470076152494077,"ODE"
231,0.472144350923292,"ODE"
232,0.474228318652672,"ODE"
233,0.476329240677905,"ODE"
234,0.478448249255908,"ODE"
235,0.480586416899442,"ODE"
236,0.482744749661559,"ODE"
237,0.484924180749322,"ODE"
238,0.487125564504673,"ODE"
239,0.489349670788473,"ODE"
240,0.491597179801417,"ODE"
241,0.493868677372815,"ODE"
242,0.496164650745189,"ODE"
243,0.498485484879109,"ODE"
244,0.500831459298917,"ODE"
245,0.503202745495893,"ODE"
246,0.505599404901002,"ODE"
247,0.508021387434762,"ODE"
248,0.510468530637135,"ODE"
249,0.512940559375424,"ODE"
250,0.515437086123454,"ODE"
251,0.517957611800526,"ODE"
252,0.520501527154067,"ODE"
253,0.523068114665512,"ODE"
254,0.525656550954989,"ODE"
255,0.528265909656409,"ODE"
256,0.530895164731613,"ODE"
257,0.533543194189021,"ODE"
258,0.536208784170135,"ODE"
259,0.538890633365295,"ODE"
260,0.541587357718857,"ODE"
261,0.544297495383189,"ODE"
262,0.547019511880641,"ODE"
263,0.549751805433056,"ODE"
264,0.552492712419025,"ODE"
265,0.555240512920386,"ODE"
266,0.557993436321027,"ODE"
267,0.560749666923055,"ODE"
268,0.563507349547513,"ODE"
269,0.566264595089271,"ODE"
270,0.569019485998332,"ODE"
271,0.571770081662375,"ODE"
272,0.574514423668078,"ODE"
273,0.577250540921404,"ODE"
274,0.57997645460962,"ODE"
275,0.582690182990384,"ODE"
276,0.585389745995327,"ODE"
277,0.588073169638094,"ODE"
278,0.590738490218354,"ODE"
279,0.593383758315559,"ODE"
280,0.596007042567274,"ODE"
281,0.598606433228879,"ODE"
282,0.601180045512146,"ODE"
283,0.603726022701568,"ODE"
284,0.606242539048045,"ODE"
285,0.608727802440398,"ODE"
286,0.611180056855695,"ODE"
287,0.613597584590057,"ODE"
288,0.615978708271994,"ODE"
289,0.618321792660839,"ODE"
290,0.620625246233184,"ODE"
291,0.622887522560611,"ODE"
292,0.625107121482447,"ODE"
293,0.627282590077611,"ODE"
294,0.629412523439989,"ODE"
295,0.631495565262284,"ODE"
296,0.633530408233605,"ODE"
297,0.635515794256632,"ODE"
298,0.637450514490526,"ODE"
299,0.639333409226366,"ODE"
300,0.641163367602238,"ODE"
301,0.642939327165724,"ODE"
302,0.644660273291818,"ODE"
303,0.646325238464902,"ODE"
304,0.647933301433747,"ODE"
305,0.649483586248865,"ODE"
306,0.650975261191905,"ODE"
307,0.652407537607034,"ODE"
308,0.653779668644515,"ODE"
309,0.65509094792679,"ODE"
310,0.656340708147516,"ODE"
311,0.657528319614075,"ODE"
312,0.658653188743941,"ODE"
313,0.659714756525339,"ODE"
314,0.660712496952352,"ODE"
315,0.661645915444502,"ODE"
316,0.662514547260549,"ODE"
317,0.663317955915866,"ODE"
318,0.66405573161252,"ODE"
319,0.664727489690645,"ODE"
320,0.665332869109343,"ODE"
321,0.665871530964852,"ODE"
322,0.666343157053215,"ODE"
323,0.666747448484202,"ODE"
324,0.667084124352674,"ODE"
325,0.667352920473058,"ODE"
326,0.667553588182063,"ODE"
327,0.667685893214199,"ODE"
328,0.66774961465411,"ODE"
329,0.667744543969184,"ODE"
330,0.667670484125329,"ODE"
331,0.667527248788234,"ODE"
332,0.667314661611872,"ODE"
333,0.66703255561537,"ODE"
334,0.666680772648769,"ODE"
335,0.666259162947506,"ODE"
336,0.665767584774726,"ODE"
337,0.665205904149647,"ODE"
338,0.664573994659306,"ODE"
339,0.663871737349734,"ODE"
340,0.663099020691174,"ODE"
341,0.662255740609972,"ODE"
342,0.661341800577329,"ODE"
343,0.660357111743363,"ODE"
344,0.659301593112309,"ODE"
345,0.658175171799144,"ODE"
346,0.656977783552439,"ODE"
347,0.655709374057448,"ODE"
348,0.654369902084215,"ODE"
349,0.652959346206424,"ODE"
350,0.651477717285315,"ODE"
351,0.649925078803138,"ODE"
352,0.648301576192805,"ODE"
353,0.646607474626204,"ODE"
354,0.644843202725011,"ODE"
355,0.643009397952016,"ODE"
356,0.641106948550492,"ODE"
357,0.639137027060255,"ODE"
358,0.637101111551336,"ODE"
359,0.63500099242919,"ODE"
360,0.632838764537649,"ODE"
361,0.630616805929829,"ODE"
362,0.62833774584798,"ODE"
363,0.626004425067102,"ODE"
364,0.623619851860098,"ODE"
365,0.621187156558813,"ODE"
