"scenario","model","rep","pfpr_2_10","clin_0_5","sev_0_5","clin_all","sev_all","eir_realised"
"nets","IBM",1,0.49507611785539,1.4641165014679,42.9132134866753,0.738698121781,11.1954429927786,15.7250382399578
"irs","IBM",1,0.404033424619058,1.67542364634261,58.1526031094526,0.870242423546435,15.52567209086,15.1528094329882
"pev","IBM",1,0.52378283850874,1.22542280476685,29.0664603763282,0.618285837766067,7.20378556981003,20.0258946191892
"treatment","IBM",1,0.391859076126449,1.44415317815063,38.0858480782458,0.673210855631913,9.43361344599648,19.0482121023214
"nets","IBM",2,0.497673677410001,1.50042730718974,47.458006574288,0.737062217261074,11.8539779804619,15.6238144391549
"irs","IBM",2,0.411982162456247,1.61882052241132,56.417929056792,0.849811784504634,15.5023708616102,14.9436732862006
"pev","IBM",2,0.523322702644254,1.2293924659902,36.419281336189,0.61792810182604,9.4378626270854,19.766941821735
"treatment","IBM",2,0.402828531702835,1.51384153929935,37.6980502686194,0.680946004361714,9.28715131502682,19.3102500407384
"nets","IBM",3,0.487681246963688,1.46893180108411,39.2960595838748,0.73440143920339,9.77097745099609,15.6107058380476
"irs","IBM",3,0.388733646987306,1.58280730049335,53.2398819256854,0.829826613256115,14.5442187225217,14.7690957514124
"pev","IBM",3,0.517711491151998,1.24836496690977,30.7570420224147,0.641525974345641,7.79194942925443,20.156535003692
"treatment","IBM",3,0.384014504027858,1.48143825772046,39.7051089438638,0.666969238527484,9.34610858967894,18.7242484867917
"nets","IBM",4,0.493265941460362,1.4577289848343,44.1639427757959,0.727444849128515,11.3422067997711,15.644954956096
"irs","IBM",4,0.405284099820601,1.63487179531053,57.925454690116,0.840285306783416,15.2718120465929,15.0046908030105
"pev","IBM",4,0.514883221828495,1.22197341332988,35.5161710436022,0.622938167710138,8.78936937584448,19.7981370628575
"treatment","IBM",4,0.393852661234984,1.41962187247333,36.383975544652,0.644116423680797,8.58732446944506,19.1253766564158
"nets","IBM",5,0.503738729440213,1.53102266829218,54.2624972071409,0.770624478836973,13.3717810776089,15.9829154285298
"irs","IBM",5,0.40023840154214,1.61855751086373,57.9744173640113,0.853705821331565,15.1428193746769,14.7139168016335
"pev","IBM",5,0.529485819316665,1.25253782159246,32.8806542959747,0.639004308600398,8.53125331850202,19.9646498964582
"treatment","IBM",5,0.393448974459464,1.46410869975971,39.1261241383222,0.666828121394936,9.90954087005723,18.8312340858224
"nets","IBM",6,0.487887056567955,1.47249615585316,41.7088302627228,0.734612035188052,10.6110254202781,15.6193053265668
"irs","IBM",6,0.400123551721638,1.67143155090037,59.1750938429956,0.877137528392041,16.455353915238,14.8196338340972
"pev","IBM",6,0.520503500911643,1.23797860407566,36.5634446380565,0.628443387389616,8.73211205222852,19.7028112235251
"treatment","IBM",6,0.396520433669127,1.51514518900721,44.2752855654834,0.664950008601373,10.3363582643193,18.6451802746448
"nets","IBM",7,0.501739354374548,1.54617251209744,49.0574755485553,0.759162233860366,12.686265446473,15.6678681128522
"irs","IBM",7,0.404725253524128,1.66562873660332,52.4430141136452,0.865749971231099,13.4193593928714,14.9923160494655
"pev","IBM",7,0.530343578259317,1.2401991847546,35.694942978869,0.619117844005407,8.76252683072562,19.8800443815286
"treatment","IBM",7,0.404760090659361,1.49942173836969,40.0323485103895,0.676230468640293,9.61242117450914,19.0896203206437
"nets","IBM",8,0.496155759605639,1.50800952507733,50.1870684551439,0.743545610066582,12.3421192830177,15.9381616885304
"irs","IBM",8,0.400395495448651,1.62243341476747,52.3165897912044,0.849734881683742,14.4938393369675,15.0863902792793
"pev","IBM",8,0.516986836995933,1.21286982436311,30.3576955116574,0.611309935946156,7.48036192471426,19.9618708310606
"treatment","IBM",8,0.39923679063831,1.45398305334506,35.8036904699589,0.65317626034794,8.48716521329304,19.0095157870631
"nets","IBM",9,0.495468651975676,1.53874594048004,42.7560420687068,0.76046959591885,10.6389894481785,15.7697693825712
"irs","IBM",9,0.403143214640619,1.60284660791405,57.5436512034172,0.854803138019516,14.8375348336721,14.9210467076484
"pev","IBM",9,0.517384387228704,1.23025507726585,36.8916124864595,0.624856970670065,9.23252025221728,19.7999495171
"treatment","IBM",9,0.390800272877382,1.44194111275581,38.0051488284981,0.64514059100548,8.84580430172675,18.7749931946289
"nets","IBM",10,0.49022628237342,1.4897588490374,46.0362730310066,0.732020694013365,11.6486829690286,15.5041398898548
"irs","IBM",10,0.382977721363741,1.51711349278688,51.2304742747588,0.803381338341933,13.6331378627722,14.1858170289671
"pev","IBM",10,0.511463196160736,1.19310271859582,32.5206873893239,0.610737712926356,7.99183943679749,19.5005855257641
"treatment","IBM",10,0.387305935403079,1.42882960911952,33.9160338401629,0.663104511833103,8.24940375801271,18.8432553182006
"smc","IBM",1,0.235337160076009,0.569221864800872,21.5698449743434,0.495727856264178,6.07534308238989,12.0742029961826
"smc","IBM",2,0.239433291113125,0.537495056525473,21.4616482197394,0.479730271449729,6.07423428698153,11.9352056890747
"smc","IBM",3,0.244823355499316,0.549238254614093,20.9970358906796,0.489075779231993,5.83390591529216,12.3267114897273
"smc","IBM",4,0.236445219445055,0.524857163582367,18.5335318891103,0.470094113788663,5.23968860753297,11.9995504978777
"smc","IBM",5,0.236938310605864,0.546815315765841,21.1269553818621,0.477595148651379,6.15102485771007,11.9944362795563
"smc","IBM",6,0.230769230769231,0.541513701073574,21.5760544033215,0.478102903911884,6.27317169741245,11.9765690244872
"smc","IBM",7,0.250073024750274,0.548940341034827,19.7618522772538,0.500704160296437,5.87720357179399,12.3472176746308
"smc","IBM",8,0.243328130867256,0.546113354500719,21.4409400150398,0.485106329735111,6.3467462494764,12.1750836871993
"smc","IBM",9,0.241998340834695,0.529440892500324,19.1595015380093,0.478391939846274,5.60248625205664,12.0217646850561
"smc","IBM",10,0.242666435369537,0.529902402013818,23.039234870166,0.484154495735423,6.37663622554627,12.3994305982888
"eir_20","IBM",1,0.548432037308577,1.54906325154761,40.1160988341875,0.698829971162503,9.95455642375364,20.5460784900309
"demography","IBM",1,0.489997746609581,1.24148351706247,35.7676477964094,0.393067133321711,3.70000439269928,13.9496084814551
"eir_20","IBM",2,0.546879385049796,1.56265052584059,38.5543383218245,0.68421701821853,9.13184636680276,20.1974053970778
"demography","IBM",2,0.490711693820052,1.23966455528668,36.5166607264565,0.377300241196501,3.86666913850995,14.0747089903175
"eir_20","IBM",3,0.548721901211847,1.54166921910401,40.3755189894728,0.697868444990353,9.86884669683328,20.0871826475104
"demography","IBM",3,0.476282148608683,1.20286791055796,36.0594671830251,0.392033870366032,3.96667210046406,14.0245966679999
"eir_20","IBM",4,0.54530705171948,1.4800269401749,37.7348451783446,0.677328648525443,9.15807642253707,20.2205637180478
"demography","IBM",4,0.466836620049087,1.14481601998726,29.5055675254448,0.367667036012548,3.23333658143401,13.2378543529046
"eir_20","IBM",5,0.553198084884444,1.51913109177988,37.0146721919785,0.705181467518936,9.13421397043433,19.9817784768259
"demography","IBM",5,0.4886638639846,1.23188137042726,38.2225635297403,0.383100174931587,4.2000019178091,13.7503595671465
"eir_20","IBM",6,0.545771097042088,1.53777217677376,40.6328294005717,0.693701789508691,9.86926330101888,19.9646950703619
"demography","IBM",6,0.492936492713749,1.23753417847378,37.9042726544591,0.377467011385399,4.10000374429566,13.6989036276784
"eir_20","IBM",7,0.547482187909886,1.51246474877051,39.5415620593596,0.690979719951782,9.80208308520795,19.9576469128754
"demography","IBM",7,0.463792638653024,1.177560971456,35.3540245471779,0.376733677382354,3.93333692542185,13.6630417904377
"eir_20","IBM",8,0.551328956241088,1.53032423365341,43.0369331849568,0.686816315160496,10.2985546915245,20.4148848340148
"demography","IBM",8,0.49550530119181,1.24993442160888,40.1751225930159,0.396100144694117,4.40000160730652,14.0066947865017
"eir_20","IBM",9,0.548237271313071,1.50523755810832,37.4421871860294,0.694824241815998,9.45978063014105,20.1394474319879
"demography","IBM",9,0.482356183221471,1.21882824756621,30.337977537429,0.384933684870945,3.26666964992662,13.5530120472229
"eir_20","IBM",10,0.536095955011739,1.44437374015769,35.6696371474018,0.657152873556559,8.32476439914321,19.6313606238177
"demography","IBM",10,0.489238569200389,1.27734396833513,33.6242570783279,0.388133616901273,3.60000263013891,13.7600935159078
"eir_1","IBM",1,0.114521104426836,0.16686165093927,9.23530713453743,0.208040111383738,4.39568622439833,1.02037585324347
"eir_3","IBM",1,0.235166657215836,0.411355653275595,20.3384021879755,0.379125227009079,6.93031808467674,2.98485836092266
"eir_10","IBM",1,0.417860198393798,1.0044819727919,31.1394129658363,0.585204155621595,8.36293817434442,9.70493186001073
"eir_50","IBM",1,0.679009264363297,2.26722055674518,39.7044967880086,0.775221238938053,9.19049063123168,49.3849176637855
"eir_120","IBM",1,0.783219626656381,2.84638308170403,39.8608430666596,0.820115618009774,8.92487642231313,120.82329182883
"seasonal","IBM",1,0.494431200100785,1.48867623604466,41.1483253588517,0.686757785727382,9.59843262073162,18.6420516100309
"eir_1","IBM",2,0.110727808081785,0.147396156771353,10.5055576100532,0.201269440952394,5.53767846542355,0.969259657209146
"eir_3","IBM",2,0.235932644217483,0.41041797690167,18.8823479867308,0.37248420321948,6.41982339062629,2.964281425419
"eir_10","IBM",2,0.429273888746085,1.03664064568407,28.8212608895215,0.592365952405009,7.28828098156641,9.930393657877
"eir_50","IBM",2,0.693035992775355,2.32805079491666,41.4925422729868,0.787499138806087,9.55580766209966,49.414696418288
"eir_120","IBM",2,0.78528367712971,2.83999533607705,39.9369525488085,0.839271399223418,9.0536289020865,119.285849372575
"seasonal","IBM",2,0.494816227017836,1.55967126225093,46.3924879706367,0.726663665371153,11.2562349160807,18.7083432295263
"eir_1","IBM",3,0.106144174426292,0.14770231758428,8.06235357992796,0.196928604624378,3.96207593276669,0.962753761944935
"eir_3","IBM",3,0.249549606396159,0.458221087240333,20.158626511419,0.4001274996429,6.6050877685312,3.26210497760896
"eir_10","IBM",3,0.414823526703743,1.01908303471111,32.8932958005975,0.585574277139522,8.89471417184303,9.79958270574898
"eir_50","IBM",3,0.688009586975399,2.2451847542928,40.1939464041486,0.78502606128943,9.53133262392364,51.0565071307376
"eir_120","IBM",3,0.790682777954654,2.84950457990226,38.8366459470599,0.844574549592794,9.11326708897659,122.402320229594
"seasonal","IBM",3,0.486947839741024,1.50039034900254,41.3900785931735,0.700616220186889,10.0721135737046,18.83651410943
"eir_1","IBM",4,0.119268920836745,0.167631449423418,9.83312971478151,0.217583114053806,4.76214583779909,1.06145119225576
"eir_3","IBM",4,0.232028931335998,0.392700514372999,18.7525526526432,0.368447292536449,5.91020082814573,3.02793106850298
"eir_10","IBM",4,0.420535797999095,0.99708720876972,28.8413655429258,0.579909555622336,7.8851325331973,10.0895607951267
"eir_50","IBM",4,0.680382081711899,2.22846121038449,40.0433899066165,0.77547421893919,9.53025566570298,50.2451057279078
"eir_120","IBM",4,0.786115283458535,2.82046315793147,36.621120375084,0.813464967822687,8.25273763132551,121.866050065904
"seasonal","IBM",4,0.479054777775782,1.47377984933415,41.8115539897259,0.703184156007036,10.3108151069475,18.4803696275501
"eir_1","IBM",5,0.117623398515889,0.152444500420469,11.216123865133,0.208204376443823,4.7677828503504,0.981868990292358
"eir_3","IBM",5,0.239053980799719,0.416326851875733,15.7441343594332,0.390603958590667,5.13510961199279,3.00600268697433
"eir_10","IBM",5,0.434914857235364,1.04478624237413,36.5817096635675,0.59408416869764,8.95604274418553,9.98059243815227
"eir_50","IBM",5,0.693570048213633,2.32021958420575,43.3729490112833,0.785164159596322,9.98928060281364,50.6485712087698
"eir_120","IBM",5,0.793547440083638,2.88944722535455,38.6895284910308,0.837963384978196,8.68686025893983,122.731095527929
"seasonal","IBM",5,0.498027456651921,1.57506894440903,43.3040306447643,0.733747580272069,10.6062959318409,19.1643223379624
"eir_1","IBM",6,0.107018146311739,0.159387137687083,11.1492480549585,0.198457644824032,4.72917490623433,0.953353847852082
"eir_3","IBM",6,0.241837350752391,0.420182980751959,20.1738265327272,0.403173552940666,6.78110388792793,3.13703207010354
"eir_10","IBM",6,0.431333164914215,1.00911227616685,33.6053726904449,0.577897605530062,8.76773092154544,9.96207147162015
"eir_50","IBM",6,0.696370571309446,2.36504391532123,45.0499609588658,0.800690511136842,10.3637317447026,50.9237790115665
"eir_120","IBM",6,0.780967193286985,2.80938980939286,37.0976381744708,0.795155940177828,8.05391118981552,119.237252499163
"seasonal","IBM",6,0.485662436227502,1.52286095448546,43.0550284948602,0.709203438735007,10.3109232663216,18.5973336905692
"eir_1","IBM",7,0.107745864612379,0.148738859529481,9.69696034787363,0.207161703364386,4.66323510407282,0.973925111576837
"eir_3","IBM",7,0.242516214459794,0.422698503307129,20.4887417710391,0.390984429606619,6.61547132461599,3.06203668833107
"eir_10","IBM",7,0.435725803486879,1.01140199892407,33.5357960597694,0.581965721577048,8.84007073898369,9.79316391089375
"eir_50","IBM",7,0.688860611728083,2.26874464967383,40.5327095328133,0.787128411163253,9.39454199171828,50.4406113857164
"eir_120","IBM",7,0.786842726215556,2.84345369836116,44.32091216769,0.82347843100512,9.85719875882518,122.46873866206
"seasonal","IBM",7,0.503337010846869,1.63838595312251,45.9125430241625,0.744750896390085,10.830911280234,19.0789739871925
"eir_1","IBM",8,0.115423587716177,0.155092435297872,11.3022827342579,0.210039991985235,5.03451562764226,1.01388905069483
"eir_3","IBM",8,0.225314424539397,0.377802591233761,18.1138228673721,0.367775880967485,6.0720089806727,2.93999885391477
"eir_10","IBM",8,0.42296169111281,1.01908516194741,31.8917120381836,0.571828988077263,8.05298422359717,9.87908595604262
"eir_50","IBM",8,0.677853989673438,2.22755247776983,41.488501398713,0.765079829795498,9.53161395253208,48.6166815276202
"eir_120","IBM",8,0.78185871005803,2.83887277175041,37.8752754264418,0.801793415068513,8.59544029554185,120.281784888325
"seasonal","IBM",8,0.484889914578525,1.50819518776855,37.5280058959337,0.714621981386012,9.05263840547167,18.5003083271432
"eir_1","IBM",9,0.118179859743727,0.159420498535669,10.9890253735876,0.21781783921711,4.73006550586978,1.03186991666641
"eir_3","IBM",9,0.243329221925108,0.441285797603522,23.906787516823,0.393381922471351,7.34071583343779,3.06649376077656
"eir_10","IBM",9,0.434387408383885,1.03227788763457,32.1552434077648,0.587247005135522,8.41078449580691,10.0845470963181
"eir_50","IBM",9,0.680486835927625,2.23260944955335,40.0628842714154,0.780090403089155,9.34260055210655,49.6885096032536
"eir_120","IBM",9,0.778515467318861,2.79226106347025,41.5756024953467,0.807272676547823,9.61357917714627,120.614436031542
"seasonal","IBM",9,0.493276979438078,1.49989757456572,37.3852835136021,0.698916990661096,8.81988237339226,18.9003475944821
"eir_1","IBM",10,0.116820258048535,0.165715523419651,8.56870511340634,0.214654952701704,4.22998499224503,1.05607384930857
"eir_3","IBM",10,0.244472451186709,0.429799188265714,20.1618383177513,0.38561476602245,6.41069025244041,3.1055028284022
"eir_10","IBM",10,0.42486413115985,1.05286975650682,32.4833263202643,0.600208358319654,8.29193268666897,10.0860902409049
"eir_50","IBM",10,0.675257936577247,2.27350942933461,39.8750700604269,0.785051339143665,9.1300651721856,49.0671342955176
"eir_120","IBM",10,0.788150486933406,2.85502637564032,38.21140692404,0.833958860755711,8.62588752019228,123.37232789706
"seasonal","IBM",10,0.490073563340451,1.48537201465403,40.2301349715862,0.706467824484773,9.89685669213639,18.6454729144005
"eir_1","blink",0,0.114296331608187,0.159080423010694,10.8315110196194,0.212590675114289,4.69323049208853,1.0008364769245
"eir_3","blink",0,0.236705709727056,0.423095109202276,20.9768071494549,0.38558998256693,6.51590230676956,3.00264782263055
"eir_10","blink",0,0.428173824623226,1.04536498370365,33.5027177757147,0.585183915121223,8.38260277179904,10.0118686455381
"eir_20","blink",0,0.548322175118101,1.54902299832573,38.4169444295914,0.68336751888192,9.03276231443096,20.0336552978636
"eir_50","blink",0,0.68643879089381,2.30837513158646,40.6756558020943,0.77236620636494,9.15015313634318,50.1334030310881
"eir_120","blink",0,0.785513760999449,2.86044886409989,37.7492122991744,0.811031480453725,8.40237070871638,120.415150618318
"seasonal","blink",0,0.490188225882409,1.5539975963758,41.5031171117205,0.717484678753182,9.81245319130753,18.6736575290112
"nets","blink",0,0.500749709824297,1.54338840974669,45.3947920571392,0.742208681788036,11.0719377374753,15.7620199397073
"irs","blink",0,0.397761004503931,1.63125050920994,58.5348049795466,0.82984646041396,14.561603737451,14.9684032403208
"smc","blink",0,0.234257458512636,0.543345677315192,21.2658276534703,0.487149861496825,5.74058889696832,11.8672547024206
"pev","blink",0,0.524117708583459,1.26720067849497,33.7161862191795,0.621819940966039,8.04930037839515,19.8134670480185
"treatment","blink",0,0.391576521698584,1.47542461165893,37.8303772955303,0.657531403394137,8.9099177640051,18.6672798379086
"demography","blink",0,0.487590647182009,1.26749341207945,34.9873039192024,0.393126032273128,3.7589730763207,13.8452723653763
