"scenario","model","rep","age_lo","age_hi","age_mid","pop_frac","prev","clin","sev"
"eir_20","blink",0,0,1,0.5,NA,0.288019788167863,1.08591257058718,52.675773581316
"eir_20","blink",0,1,2,1.5,NA,0.440502458374839,1.85220323767091,60.9730948657633
"eir_20","blink",0,2,3,2.5,NA,0.492549956619447,1.79417031366187,38.6732037378559
"eir_20","blink",0,3,5,4,NA,0.535928022917879,1.52119324548679,17.442865817864
"eir_20","blink",0,5,7,6,NA,0.565516200425176,1.18670435868433,5.8961003567908
"eir_20","blink",0,7,10,8.5,NA,0.570865166297045,0.925895063984602,2.55359475734057
"eir_20","blink",0,10,15,12.5,NA,0.50625608507521,0.601619035644501,1.08008819604926
"eir_20","blink",0,15,20,17.5,NA,0.353718961237663,0.349602645196006,0.483411343464248
"eir_20","blink",0,20,30,25,NA,0.247233802348689,0.259271787092412,0.323873936333642
"eir_20","blink",0,30,40,35,NA,0.208398579128868,0.190871499601464,0.225454067677588
"eir_20","blink",0,40,60,50,NA,0.19870853970976,0.145108395349144,0.171775863085901
"eir_20","blink",0,60,85,72.5,NA,0.195309104841457,0.105692610775656,0.132669611295584
"eir_20","IBM",1,0,1,0.5,NA,0.285783662650884,1.08134543333977,57.6622647139706
"eir_20","IBM",1,1,2,1.5,NA,0.444480465871152,1.8932861877741,63.9425071181471
"eir_20","IBM",1,2,3,2.5,NA,0.491919099781911,1.78651538646522,35.5638386971051
"eir_20","IBM",1,3,5,4,NA,0.547301889129554,1.49970930459634,19.1434919380847
"eir_20","IBM",1,5,7,6,NA,0.560268602623803,1.2064958862604,9.73354345427139
"eir_20","IBM",1,7,10,8.5,NA,0.566443533619538,0.943799435593437,1.73876093513898
"eir_20","IBM",1,10,15,12.5,NA,0.505309426020399,0.585694238699192,0.999904803583768
"eir_20","IBM",1,15,20,17.5,NA,0.360344444937636,0.360965866216876,0.648053619778952
"eir_20","IBM",1,20,30,25,NA,0.24832580561239,0.244951153752748,0.225553548575274
"eir_20","IBM",1,30,40,35,NA,0.202510621699724,0.167629924463253,0.382716722518842
"eir_20","IBM",1,40,60,50,NA,0.195995909215742,0.120438345158897,0.374032127822662
"eir_20","IBM",1,60,85,72.5,NA,0.192735803381601,0.0802481119123188,0
"eir_20","IBM",2,0,1,0.5,NA,0.29272504296396,1.11382270547847,54.6431838037152
"eir_20","IBM",2,1,2,1.5,NA,0.462208754434388,1.88569854958347,51.9770982455112
"eir_20","IBM",2,2,3,2.5,NA,0.505127542415574,1.83397801793435,43.1712349470161
"eir_20","IBM",2,3,5,4,NA,0.537640023387886,1.4943238064363,19.8623356624734
"eir_20","IBM",2,5,7,6,NA,0.561388481565621,1.20763429629241,6.99942598314768
"eir_20","IBM",2,7,10,8.5,NA,0.562024929235511,0.926453334159403,1.76669209412548
"eir_20","IBM",2,10,15,12.5,NA,0.4999478594401,0.576736746801988,1.5124215388164
"eir_20","IBM",2,15,20,17.5,NA,0.354544316409408,0.354145257458229,0
"eir_20","IBM",2,20,30,25,NA,0.246689583819217,0.239305811247351,1.13200478357309
"eir_20","IBM",2,30,40,35,NA,0.208646520843982,0.157208081408728,0
"eir_20","IBM",2,40,60,50,NA,0.199842576860514,0.134953178051098,0
"eir_20","IBM",2,60,85,72.5,NA,0.196990151790505,0.0979195873790609,0
"eir_20","IBM",3,0,1,0.5,NA,0.301272578411652,1.13780032951593,62.7192140135243
"eir_20","IBM",3,1,2,1.5,NA,0.439263394146607,1.84066950942153,49.1990577401596
"eir_20","IBM",3,2,3,2.5,NA,0.488830046931837,1.7403046390823,40.9389006426187
"eir_20","IBM",3,3,5,4,NA,0.546445470505167,1.50581743724398,22.1694526434561
"eir_20","IBM",3,5,7,6,NA,0.560732115190714,1.16556205887416,9.87384108403217
"eir_20","IBM",3,7,10,8.5,NA,0.566530220752617,0.93480581215579,4.01635150228052
"eir_20","IBM",3,10,15,12.5,NA,0.505518031429527,0.618662487027239,1.55247801010599
"eir_20","IBM",3,15,20,17.5,NA,0.351588344269837,0.39013667860323,0.638521568908723
"eir_20","IBM",3,20,30,25,NA,0.243785937077268,0.273095354340748,0
"eir_20","IBM",3,30,40,35,NA,0.201590733590734,0.181090733590734,0
"eir_20","IBM",3,40,60,50,NA,0.199614984729352,0.130079724153616,0.370597504711157
"eir_20","IBM",3,60,85,72.5,NA,0.189473510371251,0.102473906724799,0
"eir_20","IBM",4,0,1,0.5,NA,0.288498742783811,1.10400202546129,55.7291757261607
"eir_20","IBM",4,1,2,1.5,NA,0.430084614142117,1.70973994508157,53.6655774097221
"eir_20","IBM",4,2,3,2.5,NA,0.491994405224727,1.75668234231655,35.3748389299442
"eir_20","IBM",4,3,5,4,NA,0.531444971010488,1.43398819986393,19.4927473976776
"eir_20","IBM",4,5,7,6,NA,0.563550067732118,1.18428162486711,8.25602991774129
"eir_20","IBM",4,7,10,8.5,NA,0.565097276940215,0.916296777601401,3.6691898629834
"eir_20","IBM",4,10,15,12.5,NA,0.499577140093272,0.615286206753452,0.783471400789625
"eir_20","IBM",4,15,20,17.5,NA,0.360752296614347,0.359175351516283,0
"eir_20","IBM",4,20,30,25,NA,0.246792744285668,0.238903228353646,0.225167981483172
"eir_20","IBM",4,30,40,35,NA,0.204002755019252,0.175408729286283,0.355078399364945
"eir_20","IBM",4,40,60,50,NA,0.195148696270721,0.130561460649653,0
"eir_20","IBM",4,60,85,72.5,NA,0.19586574762613,0.0861242992792587,0
"eir_20","IBM",5,0,1,0.5,NA,0.281086044827301,1.03357917203778,49.7856996029055
"eir_20","IBM",5,1,2,1.5,NA,0.415456792107854,1.76959474392719,52.801832392357
"eir_20","IBM",5,2,3,2.5,NA,0.50480336491496,1.82173799905298,43.5971486952849
"eir_20","IBM",5,3,5,4,NA,0.54339618881444,1.50285750346532,17.3764110376469
"eir_20","IBM",5,5,7,6,NA,0.562039824363329,1.22044682504372,6.78528627711481
"eir_20","IBM",5,7,10,8.5,NA,0.576387408039237,0.974308104732457,2.432295553897
"eir_20","IBM",5,10,15,12.5,NA,0.50996997192474,0.609476532252587,0.258252767903639
"eir_20","IBM",5,15,20,17.5,NA,0.360902400528557,0.38919578622816,1.33974453090589
"eir_20","IBM",5,20,30,25,NA,0.247206687196206,0.254271930946171,0.229902288378093
"eir_20","IBM",5,30,40,35,NA,0.204030080627168,0.171845067667651,0
"eir_20","IBM",5,40,60,50,NA,0.199084723164792,0.125680401824948,0.365350005305082
"eir_20","IBM",5,60,85,72.5,NA,0.190466997166162,0.08976118078874,0
"eir_20","IBM",6,0,1,0.5,NA,0.27504974472089,1.08448311764434,50.670204069041
"eir_20","IBM",6,1,2,1.5,NA,0.437510128346406,1.86099249692098,56.1920658585597
"eir_20","IBM",6,2,3,2.5,NA,0.488960501962432,1.79511076690163,51.9048931710881
"eir_20","IBM",6,3,5,4,NA,0.533176706682724,1.49167141850091,19.4989727908616
"eir_20","IBM",6,5,7,6,NA,0.570708154639546,1.20763918266278,6.79212138730475
"eir_20","IBM",6,7,10,8.5,NA,0.56169569662856,0.959251329051021,3.13026176992719
"eir_20","IBM",6,10,15,12.5,NA,0.515246146113066,0.606912558214451,1.26704083134541
"eir_20","IBM",6,15,20,17.5,NA,0.358176839362311,0.363017130437807,1.029349141128
"eir_20","IBM",6,20,30,25,NA,0.247559776005531,0.240117543621841,0.453908400041287
"eir_20","IBM",6,30,40,35,NA,0.208834607267352,0.167337227592858,0.360640576708745
"eir_20","IBM",6,40,60,50,NA,0.195401277894814,0.124043461554058,0
"eir_20","IBM",6,60,85,72.5,NA,0.190284814853112,0.0905800847895771,0
"eir_20","IBM",7,0,1,0.5,NA,0.280431262588365,1.06237905295999,56.2181588404881
"eir_20","IBM",7,1,2,1.5,NA,0.447723673139425,1.88708486628281,60.2181050269744
"eir_20","IBM",7,2,3,2.5,NA,0.497921051501224,1.73555689188609,37.6272496885873
"eir_20","IBM",7,3,5,4,NA,0.532580012644426,1.44685332465938,20.0661541703699
"eir_20","IBM",7,5,7,6,NA,0.559667925366504,1.22487858931384,7.37046161302048
"eir_20","IBM",7,7,10,8.5,NA,0.572590898983391,0.964595437518174,4.50907611928668
"eir_20","IBM",7,10,15,12.5,NA,0.506072860082158,0.591698051416407,1.29929304219677
"eir_20","IBM",7,15,20,17.5,NA,0.352915068852415,0.37093807737764,0.613627919565988
"eir_20","IBM",7,20,30,25,NA,0.247994872804137,0.236960283401534,0
"eir_20","IBM",7,30,40,35,NA,0.208236296961848,0.182072787044856,0.731216012228336
"eir_20","IBM",7,40,60,50,NA,0.1903288783355,0.130080850476784,0.762937539453277
"eir_20","IBM",7,60,85,72.5,NA,0.192027652580035,0.108428567774986,0
"eir_20","IBM",8,0,1,0.5,NA,0.297514366045725,1.12640439998656,53.1515687833948
"eir_20","IBM",8,1,2,1.5,NA,0.443413302913998,1.8591838270534,67.9483980338336
"eir_20","IBM",8,2,3,2.5,NA,0.494480655900193,1.6909253493358,38.537368426723
"eir_20","IBM",8,3,5,4,NA,0.539517326341725,1.50553043317677,23.9465812640782
"eir_20","IBM",8,5,7,6,NA,0.575509900290651,1.22249288511222,3.68359438075246
"eir_20","IBM",8,7,10,8.5,NA,0.567750489702437,0.95941939367036,4.59898676906883
"eir_20","IBM",8,10,15,12.5,NA,0.510487287840894,0.558732011161217,1.26926853966655
"eir_20","IBM",8,15,20,17.5,NA,0.358935366582987,0.372828102314045,0.965875912730685
"eir_20","IBM",8,20,30,25,NA,0.248535652591968,0.24805041369972,0.466698802821674
"eir_20","IBM",8,30,40,35,NA,0.204325595341424,0.151562524657945,0
"eir_20","IBM",8,40,60,50,NA,0.197007412569379,0.123585474868033,0
"eir_20","IBM",8,60,85,72.5,NA,0.194536153156479,0.13013026739096,1.54000316439006
"eir_20","IBM",9,0,1,0.5,NA,0.27415334281096,1.09750920173713,42.6493213110285
"eir_20","IBM",9,1,2,1.5,NA,0.442111496665074,1.8012238452428,59.1559831279739
"eir_20","IBM",9,2,3,2.5,NA,0.486804939068679,1.69997111655743,43.4101151514894
"eir_20","IBM",9,3,5,4,NA,0.523443123706806,1.47987164238006,19.715527590164
"eir_20","IBM",9,5,7,6,NA,0.57398079761873,1.23685926414303,8.4049806933897
"eir_20","IBM",9,7,10,8.5,NA,0.577449524811217,0.925458361298433,2.8279858252053
"eir_20","IBM",9,10,15,12.5,NA,0.50648914324971,0.607150750526364,1.74827447704013
"eir_20","IBM",9,15,20,17.5,NA,0.360704483074108,0.390154842660465,0.332612824092468
"eir_20","IBM",9,20,30,25,NA,0.247505769824367,0.234286511332361,0.471401431252236
"eir_20","IBM",9,30,40,35,NA,0.201953660597558,0.168760562482064,0.363708108797551
"eir_20","IBM",9,40,60,50,NA,0.198213481876032,0.120514122198712,0.361904270867004
"eir_20","IBM",9,60,85,72.5,NA,0.198474381764587,0.101021579172386,0
"eir_20","IBM",10,0,1,0.5,NA,0.274445405835781,1.02677610279034,43.7399206242815
"eir_20","IBM",10,1,2,1.5,NA,0.424041506236342,1.69683075335178,58.1371888996727
"eir_20","IBM",10,2,3,2.5,NA,0.469579396061706,1.64453619110557,38.9582666239727
"eir_20","IBM",10,3,5,4,NA,0.528701822962677,1.4449729924686,16.4555249988729
"eir_20","IBM",10,5,7,6,NA,0.555292562319651,1.18779157715433,6.49573518756276
"eir_20","IBM",10,7,10,8.5,NA,0.554269249360673,0.896291675555591,3.28552666992519
"eir_20","IBM",10,10,15,12.5,NA,0.505852464640868,0.587764051813101,0.492058645301885
"eir_20","IBM",10,15,20,17.5,NA,0.356256366065119,0.364622367022201,0.650530538844248
"eir_20","IBM",10,20,30,25,NA,0.244423694476449,0.253165931334354,0.466235600984077
"eir_20","IBM",10,30,40,35,NA,0.202591418717974,0.15730488730028,0.339751376458488
"eir_20","IBM",10,40,60,50,NA,0.193740046488375,0.118514433558216,0
"eir_20","IBM",10,60,85,72.5,NA,0.198553116322698,0.0887920208814112,0
"demography","blink",0,0,1,0.5,0.0180999972302867,0.287565725449337,1.06781771884647,51.54671654448
"demography","blink",0,1,2,1.5,0.0176280511936212,0.440394424131767,1.84625452506205,60.6190411555267
"demography","blink",0,2,3,2.5,0.0175051928105971,0.492298850082945,1.78414665483291,38.3048482057481
"demography","blink",0,3,5,4,0.0346452295415278,0.535728839134722,1.50896183859885,17.144822178491
"demography","blink",0,5,7,6,0.0342792504125896,0.564870730763451,1.16772521376774,5.72059612480001
"demography","blink",0,7,10,8.5,0.051035345001426,0.569586303736272,0.897638269057891,2.42980571545392
"demography","blink",0,10,15,12.5,0.0837960129388751,0.502358553582235,0.574169625773599,1.01461783933377
"demography","blink",0,15,20,17.5,0.0814983538633447,0.350981090633183,0.322961894707514,0.438103055138247
"demography","blink",0,20,30,25,0.153713611206756,0.243583462523979,0.234301241686619,0.287350049841204
"demography","blink",0,30,40,35,0.142116874266601,0.206803601885912,0.172487784127305,0.202961966757789
"demography","blink",0,40,60,50,0.220829102490614,0.197885123208914,0.133396561536859,0.159402518826769
"demography","blink",0,60,85,72.5,0.144852979043761,0.195292500736654,0.10759502669229,0.134195845915128
"demography","IBM",1,0,1,0.5,0.0182272560718554,0.2189653602113,0.768288857180445,40.6306607162735
"demography","IBM",1,1,2,1.5,0.0176049982785769,0.372361658991969,1.34231246758553,59.2759066882501
"demography","IBM",1,2,3,2.5,0.0171347311245933,0.435453312377549,1.55203780653218,53.0443300966693
"demography","IBM",1,3,5,4,0.0347051441545442,0.472577730534148,1.28521126760563,12.6096199840553
"demography","IBM",1,5,7,6,0.0347697032853127,0.498864721485411,1.08919098143236,8.71352785145889
"demography","IBM",1,7,10,8.5,0.0518704025252581,0.513698861524948,0.918310014419854,1.29796468469237
"demography","IBM",1,10,15,12.5,0.0833991452186632,0.462137749674326,0.619179057767633,0.807273869318948
"demography","IBM",1,15,20,17.5,0.0781036364037133,0.338714781664029,0.431003943981296,1.29301183194389
"demography","IBM",1,20,30,25,0.155577636827775,0.235326129161719,0.267654794939572,0.216374126871118
"demography","IBM",1,30,40,35,0.154337179243723,0.192385997013343,0.188231687604537,0
"demography","IBM",1,40,60,50,0.230717271310577,0.185563725833112,0.144446687439914,0.145905744888802
"demography","IBM",1,60,85,72.5,0.123552895555408,0.18839687203282,0.103261583570708,0
"demography","IBM",2,0,1,0.5,0.0183711809937962,0.245497954644943,0.841136543173848,47.7501094378167
"demography","IBM",2,1,2,1.5,0.0176927867997191,0.370263944327182,1.35584940753589,53.3949133769409
"demography","IBM",2,2,3,2.5,0.0175001483611775,0.43372068455525,1.49416332136066,36.6311007817452
"demography","IBM",2,3,5,4,0.0352792711981316,0.458787710463294,1.26143039055909,21.9961326632745
"demography","IBM",2,5,7,6,0.0337602561018965,0.523129577657608,1.1033198713122,6.99568758984188
"demography","IBM",2,7,10,8.5,0.0501180696149468,0.511262719320087,0.892662494674347,2.6927978723208
"demography","IBM",2,10,15,12.5,0.0837563090475175,0.447950097782565,0.581684862022841,0.805657703632744
"demography","IBM",2,15,20,17.5,0.0772492155344968,0.330886673040588,0.398762948772103,0.873522341231332
"demography","IBM",2,20,30,25,0.162533506054707,0.229034663220951,0.254913926312575,0.415169261095398
"demography","IBM",2,30,40,35,0.152669197834685,0.192732523817741,0.178344701063511,0.2209971512559
"demography","IBM",2,40,60,50,0.231018042383045,0.185409079232618,0.123847730351897,0.292093703660134
"demography","IBM",2,60,85,72.5,0.120052016075881,0.184179200551917,0.100612436919921,0
"demography","IBM",3,0,1,0.5,0.0179212412446452,0.244151429307237,0.862915271697141,35.7198042750451
"demography","IBM",3,1,2,1.5,0.0176853066959905,0.364426860966419,1.45737862354771,68.5825234610687
"demography","IBM",3,2,3,2.5,0.0173222665630253,0.396949819088676,1.34204762843638,42.7899243849281
"demography","IBM",3,3,5,4,0.0359766956480322,0.43651893245483,1.18465750191146,16.8567865884635
"demography","IBM",3,5,7,6,0.0356799313389849,0.503457607123731,1.05098062549963,7.55421833243217
"demography","IBM",3,7,10,8.5,0.0534304061849559,0.510592755498506,0.860100995268114,2.52229030870415
"demography","IBM",3,10,15,12.5,0.0803730978123163,0.463496427681364,0.644297899561629,2.93434306892089
"demography","IBM",3,15,20,17.5,0.0851572338538755,0.351632211517616,0.411071679428368,0.791283309775492
"demography","IBM",3,20,30,25,0.161235602892617,0.229207647582822,0.280632924726406,0.4179194709254
"demography","IBM",3,30,40,35,0.144176131971227,0.194622820170379,0.200267744987944,0
"demography","IBM",3,40,60,50,0.227284999796465,0.187231830467105,0.13519094990649,0
"demography","IBM",3,60,85,72.5,0.123757085997866,0.184609211142636,0.108351905388432,0.272240968312643
"demography","IBM",4,0,1,0.5,0.0191913499942984,0.222635785824345,0.739912365177196,31.6352080123267
"demography","IBM",4,1,2,1.5,0.0174009397182028,0.354892328934441,1.25217068054486,46.520272961419
"demography","IBM",4,2,3,2.5,0.0164831407575741,0.411743929854855,1.25641212515347,26.6015596530865
"demography","IBM",4,3,5,4,0.0327992997670757,0.43621861784701,1.2689786132265,20.5669143148541
"demography","IBM",4,5,7,6,0.0316514042083836,0.493794468595719,1.07416566185036,8.52512430039969
"demography","IBM",4,7,10,8.5,0.046683919907163,0.489489144721215,0.834484710763432,3.61248792538282
"demography","IBM",4,10,15,12.5,0.0814793307645066,0.448495688032191,0.650327990818072,1.24187394809307
"demography","IBM",4,15,20,17.5,0.0804779023174331,0.33072873308493,0.42413838637264,0.41910907744332
"demography","IBM",4,20,30,25,0.158300545338178,0.22847297461379,0.262927773522874,0.639208525582351
"demography","IBM",4,30,40,35,0.154271821890078,0.190312550353138,0.186275913334799,0
"demography","IBM",4,40,60,50,0.232787157320094,0.182813336106793,0.128953966391385,0
"demography","IBM",4,60,85,72.5,0.128473188017013,0.180442328800427,0.0966137707710256,0.525074841146879
"demography","IBM",5,0,1,0.5,0.0186581932951528,0.243208305060401,0.876791100588903,52.4266843651096
"demography","IBM",5,1,2,1.5,0.0168754621206821,0.389009364218827,1.42713980614424,57.965062154318
"demography","IBM",5,2,3,2.5,0.0163856754209416,0.427776211155603,1.36481303930968,37.0537476735661
"demography","IBM",5,3,5,4,0.0329354755925888,0.458756551700917,1.26379083940336,20.4828337018373
"demography","IBM",5,5,7,6,0.0333911620485172,0.504523603273489,1.0616837379991,9.09148776592948
"demography","IBM",5,7,10,8.5,0.0492061897579687,0.518187213359827,0.861667123663285,6.85494927337538
"demography","IBM",5,10,15,12.5,0.0832086610553129,0.459497070204042,0.63805802728553,2.83761511499283
"demography","IBM",5,15,20,17.5,0.0810828019532694,0.343018007750171,0.41350581262822,0.416001823569638
"demography","IBM",5,20,30,25,0.151469216859715,0.230727602629322,0.281924817608206,0.445378858780736
"demography","IBM",5,30,40,35,0.149478187718977,0.193906803609748,0.19496645768277,0.225655622318021
"demography","IBM",5,40,60,50,0.237559579548614,0.188847061880675,0.131764801074907,0
"demography","IBM",5,60,85,72.5,0.12974939462826,0.17941586427003,0.112565819790701,0
"demography","IBM",6,0,1,0.5,0.0179309765769889,0.211405959750331,0.708074118670145,48.8326978393204
"demography","IBM",6,1,2,1.5,0.0172530877297228,0.354837157067223,1.33319963634419,48.7994010374886
"demography","IBM",6,2,3,2.5,0.0162619509395593,0.424521129317779,1.5656347873451,49.7026916617493
"demography","IBM",6,3,5,4,0.0322080704480322,0.478324018185308,1.31226133215688,19.8669046302636
"demography","IBM",6,5,7,6,0.0340091307853989,0.509087258846478,1.09917985420233,12.873277571739
"demography","IBM",6,7,10,8.5,0.0518668470187469,0.512850982680348,0.908383380534248,2.59723625599499
"demography","IBM",6,10,15,12.5,0.0824090289221503,0.455811651742029,0.605640236734091,2.04332063675469
"demography","IBM",6,15,20,17.5,0.0801727430923984,0.326771141547467,0.396959663581217,0.420063136064779
"demography","IBM",6,20,30,25,0.158118427098577,0.228583582745374,0.258356640643008,0.638969432752698
"demography","IBM",6,30,40,35,0.150512822405486,0.190253342953667,0.188175816711795,0
"demography","IBM",6,40,60,50,0.233090608466829,0.186408312716477,0.127433943592281,0.288965858485898
"demography","IBM",6,60,85,72.5,0.126166306516111,0.182090364326992,0.0950271976410672,0.266930330452436
"demography","IBM",7,0,1,0.5,0.0174585951070034,0.230864563692986,0.769389657437027,28.997097642099
"demography","IBM",7,1,2,1.5,0.0170569249952265,0.355297395754277,1.34944814276731,55.4025630461652
"demography","IBM",7,2,3,2.5,0.0172781024600907,0.397163651931928,1.35561382853473,54.6933533126405
"demography","IBM",7,3,5,4,0.0352172407464,0.437478503107368,1.21229346573231,19.1666951103923
"demography","IBM",7,5,7,6,0.033506351686039,0.494806356004702,1.06166141415033,10.0726889388077
"demography","IBM",7,7,10,8.5,0.0492808727263313,0.484840467948177,0.84921148668299,5.47878378505155
"demography","IBM",7,10,15,12.5,0.0792103816559553,0.454799404189352,0.616110701244852,1.27823796938766
"demography","IBM",7,15,20,17.5,0.0786373729813049,0.337859559222107,0.429613228745689,0
"demography","IBM",7,20,30,25,0.157630090861219,0.233240748616362,0.270632851247547,0.428216536784094
"demography","IBM",7,30,40,35,0.152765203754654,0.191885394145262,0.181822638869049,0.22092665719204
"demography","IBM",7,40,60,50,0.232521409229628,0.184060973092831,0.145873257185896,0.435442558763868
"demography","IBM",7,60,85,72.5,0.129437453796148,0.179521175900778,0.104557929943722,0
"demography","IBM",8,0,1,0.5,0.018462653138229,0.234005731977532,0.885430473513362,49.292005741981
"demography","IBM",8,1,2,1.5,0.0175968252484869,0.383553304820131,1.41743853480622,78.5337566581827
"demography","IBM",8,2,3,2.5,0.0174731751264343,0.417797649247421,1.35030864197531,32.7932098765432
"demography","IBM",8,3,5,4,0.0363810241111274,0.465936319701092,1.30725084270804,21.3088372659708
"demography","IBM",8,5,7,6,0.036510030250416,0.518948313583651,1.12353142033311,11.0783706195541
"demography","IBM",8,7,10,8.5,0.0483278975914729,0.52811556540681,0.915045668208048,4.88210341269538
"demography","IBM",8,10,15,12.5,0.0829195502201415,0.467137229920785,0.653229479770717,1.2194700929136
"demography","IBM",8,15,20,17.5,0.0837485324051048,0.335760628420964,0.417357659211298,0.402466402325263
"demography","IBM",8,20,30,25,0.153229465999541,0.233264007453687,0.271663634287202,0
"demography","IBM",8,30,40,35,0.153761004537655,0.196586447768831,0.185670984205459,0
"demography","IBM",8,40,60,50,0.228313070658242,0.187305881072922,0.128143265481281,0.147630490185808
"demography","IBM",8,60,85,72.5,0.12327677071315,0.185418706370318,0.112374406067012,0.273417046391756
"demography","IBM",9,0,1,0.5,0.0182690257644969,0.226358159080553,0.861171586248797,48.0482000911346
"demography","IBM",9,1,2,1.5,0.0179608267171205,0.35090998980317,1.26505062365459,45.1132466087816
"demography","IBM",9,2,3,2.5,0.0176974885754997,0.416775117466589,1.37544360297077,24.7999540064077
"demography","IBM",9,3,5,4,0.0352448549859659,0.462984103989355,1.30083797196612,16.2844223294728
"demography","IBM",9,5,7,6,0.0343985100629486,0.508221539222725,1.05214190255695,4.90737827685143
"demography","IBM",9,7,10,8.5,0.0497466746275504,0.501523741170389,0.920269011436891,4.07198677626943
"demography","IBM",9,10,15,12.5,0.0759128847458583,0.455788836237936,0.652874526781113,0.889474832126856
"demography","IBM",9,15,20,17.5,0.0817909583538175,0.327395398175646,0.409473253281282,0.412775456936776
"demography","IBM",9,20,30,25,0.156973674048059,0.228265961452454,0.273576917433723,0.43015238590208
"demography","IBM",9,30,40,35,0.151392607385215,0.189769266252631,0.187101149544673,0
"demography","IBM",9,40,60,50,0.235697903885741,0.181992923565719,0.13049137893144,0
"demography","IBM",9,60,85,72.5,0.124914590847728,0.181173156724,0.110542505013047,0.540550146763067
"demography","IBM",10,0,1,0.5,0.0185845818533752,0.217139079168448,0.909025382022807,43.5461260849249
"demography","IBM",10,1,2,1.5,0.0188184065388136,0.378252993416692,1.42275045778779,43.0050516207897
"demography","IBM",10,2,3,2.5,0.0177514601570958,0.425000520432167,1.40188812790141,36.0919707725295
"demography","IBM",10,3,5,4,0.0342485261700265,0.468153690945678,1.33311573756872,21.660669295799
"demography","IBM",10,5,7,6,0.0315881352310425,0.507055723398095,1.07924052632041,9.60748243015199
"demography","IBM",10,7,10,8.5,0.0501150692757597,0.515120846951774,0.874041178845378,1.3457139012246
"demography","IBM",10,10,15,12.5,0.0876135830431927,0.458872158252141,0.627731030410393,1.53949976802058
"demography","IBM",10,15,20,17.5,0.0788667290753467,0.335866676194035,0.392927803242663,0
"demography","IBM",10,20,30,25,0.154712953176214,0.232365598653344,0.266339517050255,0
"demography","IBM",10,30,40,35,0.153968797569258,0.194312173439289,0.179147876050334,0.219007183435617
"demography","IBM",10,40,60,50,0.23174474511123,0.183105267480066,0.138230789408432,0.436518282342417
"demography","IBM",10,60,85,72.5,0.121987012798645,0.181011488681717,0.105870814810327,0
